time,dt,theta,alpha,th_dot,al_dot,voltage,mode
9.5367431640625e-07,9.5367431640625e-07,-130.07,179.82999999999998,-476084.91054339695,658217.4941417626,-2.552246371035365,PPO
0.03765392303466797,0.03765296936035156,-130.07,179.48000000000002,-380867.9284347176,526573.9628662885,-2.552246371035365,PPO
0.06213212013244629,0.02447819709777832,-131.13,178.07,-304694.49390670133,421258.969223137,-2.8297537221024593,PPO
